hndd,cndd,mean_CE
0.5,3,0.278742115314715
0.5,6,0.302764591608218
0.5,9,0.318589915013166
